{
  "stage": "teacher",
  "epochs": [
    1,
    2,
    3,
    4,
    5,
    6,
    7,
    8,
    9,
    10,
    11,
    12,
    13,
    14,
    15,
    16,
    17,
    18,
    19,
    20,
    21,
    22,
    23,
    24,
    25,
    26,
    27,
    28,
    29,
    30,
    31,
    32,
    33,
    34,
    35,
    36,
    37,
    38,
    39,
    40,
    41,
    42,
    43,
    44,
    45,
    46,
    47,
    48,
    49,
    50,
    51,
    52,
    53,
    54,
    55,
    56,
    57,
    58,
    59,
    60,
    61,
    62,
    63,
    64,
    65,
    66,
    67,
    68,
    69,
    70,
    71,
    72,
    73,
    74,
    75,
    76,
    77,
    78,
    79,
    80,
    81,
    82,
    83,
    84,
    85,
    86,
    87,
    88,
    89,
    90,
    91,
    92,
    93,
    94,
    95,
    96,
    97,
    98,
    99,
    100
  ],
  "train_loss": [
    1.820847,
    1.055825,
    0.75793,
    0.611444,
    0.524069,
    0.473312,
    0.429045,
    0.393701,
    0.375934,
    0.353671,
    0.330735,
    0.329808,
    0.300087,
    0.300514,
    0.297013,
    0.283881,
    0.278498,
    0.266084,
    0.256794,
    0.250399,
    0.247045,
    0.234864,
    0.238064,
    0.237753,
    0.232337,
    0.227066,
    0.209432,
    0.211918,
    0.209899,
    0.206936,
    0.19826,
    0.199082,
    0.202466,
    0.196912,
    0.191167,
    0.184451,
    0.178879,
    0.185949,
    0.182014,
    0.175201,
    0.166165,
    0.175202,
    0.160583,
    0.171434,
    0.167522,
    0.168603,
    0.158939,
    0.158376,
    0.159176,
    0.158732,
    0.157382,
    0.144355,
    0.147146,
    0.145037,
    0.143657,
    0.141555,
    0.138508,
    0.135222,
    0.134994,
    0.136532,
    0.134196,
    0.130054,
    0.137705,
    0.125111,
    0.130715,
    0.122824,
    0.125228,
    0.127506,
    0.120633,
    0.119225,
    0.119896,
    0.123555,
    0.11659,
    0.116931,
    0.118945,
    0.114622,
    0.114369,
    0.115341,
    0.117485,
    0.110129,
    0.111088,
    0.109066,
    0.112955,
    0.107589,
    0.10371,
    0.103267,
    0.108653,
    0.105219,
    0.110068,
    0.110038,
    0.107788,
    0.104889,
    0.106017,
    0.103992,
    0.105304,
    0.10825,
    0.10612,
    0.114069,
    0.106027,
    0.106413
  ],
  "val_loss": [
    1.148193,
    0.587639,
    0.363796,
    0.31322,
    0.240136,
    0.225534,
    0.201306,
    0.201932,
    0.191998,
    0.169442,
    0.179976,
    0.159185,
    0.167072,
    0.161095,
    0.154477,
    0.142923,
    0.135606,
    0.144678,
    0.128999,
    0.135676,
    0.142588,
    0.135275,
    0.118014,
    0.128563,
    0.12214,
    0.12542,
    0.115755,
    0.113128,
    0.112893,
    0.119841,
    0.145085,
    0.114936,
    0.115738,
    0.12071,
    0.109742,
    0.100987,
    0.109732,
    0.101565,
    0.112023,
    0.103838,
    0.103514,
    0.105113,
    0.104614,
    0.104846,
    0.097748,
    0.106498,
    0.099542,
    0.10098,
    0.095828,
    0.101323,
    0.102379,
    0.097153,
    0.10053,
    0.0962,
    0.102559,
    0.097432,
    0.105662,
    0.097241,
    0.100997,
    0.098807,
    0.099712,
    0.102586,
    0.097424,
    0.100464,
    0.097065,
    0.098573,
    0.094588,
    0.099149,
    0.096911,
    0.094478,
    0.095944,
    0.096782,
    0.099672,
    0.094594,
    0.100285,
    0.095586,
    0.096788,
    0.097585,
    0.094044,
    0.09759,
    0.093005,
    0.096788,
    0.09391,
    0.094182,
    0.095794,
    0.094345,
    0.094975,
    0.093462,
    0.092856,
    0.093308,
    0.092746,
    0.094988,
    0.094376,
    0.093744,
    0.093223,
    0.093222,
    0.095184,
    0.097084,
    0.095072,
    0.092926
  ],
  "train_acc": [
    0.348517,
    0.637182,
    0.751967,
    0.804782,
    0.836032,
    0.855857,
    0.870082,
    0.880334,
    0.885972,
    0.893046,
    0.900726,
    0.903715,
    0.911093,
    0.909428,
    0.910412,
    0.916465,
    0.917146,
    0.921005,
    0.922064,
    0.923464,
    0.924523,
    0.927739,
    0.927777,
    0.928344,
    0.930501,
    0.930879,
    0.935987,
    0.934246,
    0.935949,
    0.937349,
    0.93924,
    0.939505,
    0.93977,
    0.940829,
    0.94378,
    0.943061,
    0.944083,
    0.943894,
    0.944386,
    0.94745,
    0.947753,
    0.947185,
    0.949985,
    0.948661,
    0.94919,
    0.948585,
    0.950515,
    0.951498,
    0.950779,
    0.951574,
    0.950817,
    0.955471,
    0.954184,
    0.955281,
    0.95566,
    0.957249,
    0.956795,
    0.958119,
    0.959708,
    0.957741,
    0.958913,
    0.959594,
    0.95706,
    0.962886,
    0.961032,
    0.962356,
    0.959594,
    0.961259,
    0.962735,
    0.964248,
    0.962432,
    0.960616,
    0.963756,
    0.96368,
    0.963605,
    0.964929,
    0.964929,
    0.964702,
    0.964437,
    0.96561,
    0.965269,
    0.965459,
    0.965875,
    0.965232,
    0.967388,
    0.967691,
    0.967199,
    0.966783,
    0.965875,
    0.965761,
    0.965988,
    0.966745,
    0.966934,
    0.966102,
    0.966404,
    0.967237,
    0.966707,
    0.96508,
    0.966556,
    0.967502
  ],
  "val_acc": [
    0.625485,
    0.808248,
    0.891611,
    0.900423,
    0.923511,
    0.932852,
    0.936553,
    0.93197,
    0.938315,
    0.945541,
    0.94325,
    0.949418,
    0.944131,
    0.952767,
    0.949418,
    0.954177,
    0.957702,
    0.953119,
    0.957173,
    0.955587,
    0.955411,
    0.956292,
    0.960874,
    0.959993,
    0.959993,
    0.958054,
    0.959817,
    0.962813,
    0.963165,
    0.957878,
    0.955058,
    0.961579,
    0.964047,
    0.957878,
    0.964047,
    0.965456,
    0.963342,
    0.966338,
    0.963518,
    0.964751,
    0.966161,
    0.966161,
    0.964047,
    0.964399,
    0.966338,
    0.96528,
    0.9681,
    0.967043,
    0.966338,
    0.968805,
    0.966161,
    0.967748,
    0.967571,
    0.970039,
    0.966338,
    0.967219,
    0.964751,
    0.967748,
    0.967571,
    0.968276,
    0.968629,
    0.967219,
    0.967571,
    0.968805,
    0.969158,
    0.967748,
    0.9681,
    0.968805,
    0.969158,
    0.968629,
    0.968805,
    0.968453,
    0.968981,
    0.968276,
    0.967395,
    0.968453,
    0.968276,
    0.968981,
    0.968805,
    0.968453,
    0.969158,
    0.9681,
    0.96951,
    0.968629,
    0.968805,
    0.969686,
    0.970039,
    0.969686,
    0.968981,
    0.968805,
    0.969334,
    0.968805,
    0.968805,
    0.969686,
    0.96951,
    0.970039,
    0.968981,
    0.969158,
    0.970039,
    0.969686
  ],
  "train_f1": [
    0.348517,
    0.637182,
    0.751967,
    0.804782,
    0.836032,
    0.855857,
    0.870082,
    0.880334,
    0.885972,
    0.893046,
    0.900726,
    0.903715,
    0.911093,
    0.909428,
    0.910412,
    0.916465,
    0.917146,
    0.921005,
    0.922064,
    0.923464,
    0.924523,
    0.927739,
    0.927777,
    0.928344,
    0.930501,
    0.930879,
    0.935987,
    0.934246,
    0.935949,
    0.937349,
    0.93924,
    0.939505,
    0.93977,
    0.940829,
    0.94378,
    0.943061,
    0.944083,
    0.943894,
    0.944386,
    0.94745,
    0.947753,
    0.947185,
    0.949985,
    0.948661,
    0.94919,
    0.948585,
    0.950515,
    0.951498,
    0.950779,
    0.951574,
    0.950817,
    0.955471,
    0.954184,
    0.955281,
    0.95566,
    0.957249,
    0.956795,
    0.958119,
    0.959708,
    0.957741,
    0.958913,
    0.959594,
    0.95706,
    0.962886,
    0.961032,
    0.962356,
    0.959594,
    0.961259,
    0.962735,
    0.964248,
    0.962432,
    0.960616,
    0.963756,
    0.96368,
    0.963605,
    0.964929,
    0.964929,
    0.964702,
    0.964437,
    0.96561,
    0.965269,
    0.965459,
    0.965875,
    0.965232,
    0.967388,
    0.967691,
    0.967199,
    0.966783,
    0.965875,
    0.965761,
    0.965988,
    0.966745,
    0.966934,
    0.966102,
    0.966404,
    0.967237,
    0.966707,
    0.96508,
    0.966556,
    0.967502
  ],