{
  "stage": "teacher",
  "epochs": [
    1,
    2,
    3,
    4,
    5,
    6,
    7,
    8,
    9,
    10,
    11,
    12,
    13,
    14,
    15,
    16,
    17,
    18,
    19,
    20,
    21,
    22,
    23,
    24,
    25,
    26,
    27,
    28,
    29,
    30,
    31,
    32,
    33,
    34,
    35,
    36,
    37,
    38,
    39,
    40,
    41,
    42,
    43,
    44,
    45,
    46,
    47,
    48,
    49,
    50,
    51,
    52,
    53,
    54,
    55,
    56,
    57,
    58,
    59,
    60,
    61,
    62,
    63,
    64,
    65,
    66,
    67,
    68,
    69,
    70,
    71,
    72,
    73,
    74,
    75,
    76,
    77,
    78,
    79,
    80
  ],
  "train_loss": [
    1.585514,
    0.825283,
    0.556078,
    0.465483,
    0.397095,
    0.358721,
    0.333472,
    0.307475,
    0.291373,
    0.280624,
    0.260324,
    0.252455,
    0.245503,
    0.24077,
    0.231388,
    0.221975,
    0.217318,
    0.217041,
    0.205477,
    0.193913,
    0.193284,
    0.184253,
    0.178493,
    0.18147,
    0.180444,
    0.170758,
    0.167241,
    0.166007,
    0.165049,
    0.166126,
    0.163014,
    0.150391,
    0.134223,
    0.136859,
    0.137056,
    0.126594,
    0.132121,
    0.128693,
    0.120114,
    0.126466,
    0.121602,
    0.1238,
    0.117344,
    0.115558,
    0.11955,
    0.115897,
    0.118805,
    0.108703,
    0.112116,
    0.11043,
    0.107738,
    0.108377,
    0.112145,
    0.107057,
    0.109475,
    0.104233,
    0.101123,
    0.103757,
    0.104322,
    0.099666,
    0.09891,
    0.097797,
    0.100688,
    0.097881,
    0.094379,
    0.092061,
    0.096342,
    0.09595,
    0.091726,
    0.09036,
    0.090493,
    0.090904,
    0.092456,
    0.094214,
    0.099262,
    0.091938,
    0.092848,
    0.090987,
    0.093364,
    0.090474
  ],
  "val_loss": [
    0.73836,
    0.322602,
    0.234751,
    0.190114,
    0.215361,
    0.184246,
    0.174429,
    0.144866,
    0.143035,
    0.141332,
    0.119551,
    0.120311,
    0.131034,
    0.114294,
    0.15531,
    0.129705,
    0.172074,
    0.102661,
    0.11636,
    0.122158,
    0.103602,
    0.094762,
    0.120461,
    0.129552,
    0.094388,
    0.097406,
    0.108111,
    0.101709,
    0.139,
    0.10364,
    0.096384,
    0.08283,
    0.086215,
    0.083909,
    0.085753,
    0.082174,
    0.083902,
    0.082906,
    0.084641,
    0.085527,
    0.080448,
    0.085376,
    0.083303,
    0.079059,
    0.078227,
    0.0759,
    0.077745,
    0.073461,
    0.078646,
    0.077931,
    0.074859,
    0.077568,
    0.075839,
    0.079439,
    0.075436,
    0.074695,
    0.074301,
    0.076775,
    0.072063,
    0.071703,
    0.07494,
    0.073597,
    0.076294,
    0.072062,
    0.073117,
    0.073106,
    0.073562,
    0.07258,
    0.0722,
    0.07348,
    0.072499,
    0.074216,
    0.071673,
    0.073283,
    0.073501,
    0.073733,
    0.073372,
    0.074635,
    0.072257,
    0.071356
  ],
  "train_acc": [
    0.438671,
    0.735312,
    0.835319,
    0.864494,
    0.884703,
    0.897752,
    0.904477,
    0.912038,
    0.917559,
    0.919968,
    0.923983,
    0.929537,
    0.930574,
    0.930942,
    0.935827,
    0.937232,
    0.938035,
    0.938236,
    0.941682,
    0.944359,
    0.947069,
    0.94737,
    0.948775,
    0.947738,
    0.949344,
    0.951486,
    0.952724,
    0.951419,
    0.95279,
    0.953526,
    0.953694,
    0.95704,
    0.960988,
    0.960084,
    0.961289,
    0.962962,
    0.960887,
    0.962426,
    0.965304,
    0.961824,
    0.964869,
    0.963865,
    0.965304,
    0.965873,
    0.965638,
    0.965672,
    0.965705,
    0.969888,
    0.967679,
    0.967914,
    0.968482,
    0.96778,
    0.968449,
    0.969085,
    0.968415,
    0.969285,
    0.970757,
    0.969687,
    0.969821,
    0.970021,
    0.970657,
    0.971126,
    0.970323,
    0.971962,
    0.972464,
    0.972665,
    0.971192,
    0.972163,
    0.973668,
    0.973769,
    0.9733,
    0.974103,
    0.973334,
    0.972698,
    0.972598,
    0.973066,
    0.972999,
    0.973367,
    0.973869,
    0.973334
  ],
  "val_acc": [
    0.782079,
    0.909772,
    0.928348,
    0.942086,
    0.931314,
    0.944271,
    0.949266,
    0.954262,
    0.954886,
    0.955667,
    0.961911,
    0.960662,
    0.958945,
    0.963316,
    0.951296,
    0.962847,
    0.948017,
    0.968467,
    0.963316,
    0.96316,
    0.967687,
    0.971589,
    0.960974,
    0.963003,
    0.969872,
    0.97034,
    0.966282,
    0.967062,
    0.959257,
    0.965657,
    0.970028,
    0.974711,
    0.973618,
    0.973462,
    0.972526,
    0.972994,
    0.974555,
    0.974867,
    0.972682,
    0.972682,
    0.974243,
    0.973931,
    0.974087,
    0.975023,
    0.975023,
    0.976584,
    0.976116,
    0.976272,
    0.976584,
    0.977053,
    0.976584,
    0.975648,
    0.976116,
    0.97518,
    0.974711,
    0.976741,
    0.977053,
    0.976116,
    0.976897,
    0.978145,
    0.976272,
    0.977677,
    0.976897,
    0.977833,
    0.977677,
    0.977833,
    0.977053,
    0.977989,
    0.977365,
    0.977677,
    0.977833,
    0.977365,
    0.977833,
    0.977833,
    0.976741,
    0.976741,
    0.977365,
    0.977365,
    0.977989,
    0.977989
  ],
  "train_f1": [
    0.438671,
    0.735312,
    0.835319,
    0.864494,
    0.884703,
    0.897752,
    0.904477,
    0.912038,
    0.917559,
    0.919968,
    0.923983,
    0.929537,
    0.930574,
    0.930942,
    0.935827,
    0.937232,
    0.938035,
    0.938236,
    0.941682,
    0.944359,
    0.947069,
    0.94737,
    0.948775,
    0.947738,
    0.949344,
    0.951486,
    0.952724,
    0.951419,
    0.95279,
    0.953526,
    0.953694,
    0.95704,
    0.960988,
    0.960084,
    0.961289,
    0.962962,
    0.960887,
    0.962426,
    0.965304,
    0.961824,
    0.964869,
    0.963865,
    0.965304,
    0.965873,
    0.965638,
    0.965672,
    0.965705,
    0.969888,
    0.967679,
    0.967914,
    0.968482,
    0.96778,
    0.968449,
    0.969085,
    0.968415,
    0.969285,
    0.970757,
    0.969687,
    0.969821,
    0.970021,
    0.970657,
    0.971126,
    0.970323,
    0.971962,
    0.972464,
    0.972665,
    0.971192,
    0.972163,
    0.973668,
    0.973769,
    0.9733,
    0.974103,
    0.973334,
    0.972698,
    0.972598,
    0.973066,
    0.972999,
    0.973367,
    0.973869,
    0.973334
  ],
  "val_f1": [
    0.781936,
    0.910551,
    0.928841,
    0.942309,
    0.932426,
    0.944304,
    0.949558,
    0.954459,
    0.955479,
    0.956144,
    0.961897,
    0.960687,
    0.95905,
    0.963405,
    0.951256,
    0.962859,
    0.948642,
    0.968484,
    0.963949,
    0.96323,
    0.967741,
    0.971679,
    0.96135,
    0.962913,
    0.969949,
    0.970354,
    0.966409,
    0.967253,
    0.959717,
    0.965665,
    0.970113,
    0.9748,
    0.973641,
    0.973482,
    0.972591,
    0.973045,
    0.974595,
    0.975053,
    0.972765,
    0.972668,
    0.974369,
    0.974095,
    0.974285,
    0.975141,
    0.975087,
    0.976666,
    0.976109,
    0.976322,
    0.97666,
    0.977038,
    0.976631,
    0.975776,
    0.976275,
    0.97532,
    0.974747,
    0.976883,
    0.977123,
    0.976141,
    0.976907,
    0.978259,
    0.976367,
    0.977722,
    0.976952,
    0.977867,
    0.977825,
    0.977877,
    0.977106,
    0.978112,
    0.977401,
    0.977822,
    0.977987,
    0.977448,
    0.977924,
    0.977931,
    0.976844,
    0.976736,
    0.977397,
    0.977401,
    0.978083,
    0.978005
  ],
  "summary": {
    "final_train_loss": 0.090474,
    "final_val_loss": 0.071356,
    "final_train_acc": 0.973334,
    "final_val_acc": 0.977989,
    "final_train_f1": 0.973334,
    "final_val_f1": 0.978005,
    "best_val_f1": 0.9782585443314896,
    "best_val_acc": 0.9781454886044333,
    "best_epoch": 60
  }
}